{"Text-Classification": {"macro_f1": 0.6476190476190475, "micro_f1": 0.8, "micro_precision": 0.6666666666666666, "micro_recall": 1.0, "mean_f1_per_question": 0.75, "f1_per_question": [0.75, 0.875, 0.875, 0.5]}, "OpenAI": {"macro_f1": 0.6959183673469387, "micro_f1": 0.8, "micro_precision": 0.7368421052631579, "micro_recall": 0.875, "mean_f1_per_question": 0.788888888888889, "f1_per_question": [0.8000000000000002, 0.8000000000000002, 0.888888888888889, 0.6666666666666666]}, "Semantic-Similarity": {"macro_f1": 0.41948051948051945, "micro_f1": 0.6, "micro_precision": 0.6, "micro_recall": 0.6, "mean_f1_per_question": 0.5892857142857143, "f1_per_question": [1.0, 0.5, 0.8571428571428571, 0]}}